{
  "project_info": {
    "project_number": "836411786502",
    "firebase_url": "https://fir-authentication-f2586.firebaseio.com",
    "project_id": "fir-authentication-f2586",
    "storage_bucket": "fir-authentication-f2586.appspot.com"
  },
  "client": [
    {
      "client_info": {
        "mobilesdk_app_id": "1:836411786502:android:ea393bcd82d93aaccfca87",
        "android_client_info": {
          "package_name": "com.example.firebaseauthentication"
        }
      },
      "oauth_client": [
        {
          "client_id": "836411786502-i35449f9v8khpatfm3tmlciqca94k338.apps.googleusercontent.com",
          "client_type": 1,
          "android_info": {
            "package_name": "com.example.firebaseauthentication",
            "certificate_hash": "bdb6eb4b2c2e0ff6006f84be577fb0e98b564a8a"
          }
        },
        {
          "client_id": "836411786502-s3ks2fsd2426hicl591oej1v5bp6b2m4.apps.googleusercontent.com",
          "client_type": 3
        }
      ],
      "api_key": [
        {
          "current_key": "AIzaSyDIZ_UKK9L0bAF5BBpQw47KezAiMxLp8kE"
        }
      ],
      "services": {
        "appinvite_service": {
          "other_platform_oauth_client": [
            {
              "client_id": "836411786502-s3ks2fsd2426hicl591oej1v5bp6b2m4.apps.googleusercontent.com",
              "client_type": 3
            }
          ]
        }
      }
    }
  ],
  "configuration_version": "1"
}